Workbook

Sheet Puntos aprobados_2026
A1: Factores Salariales Decreto 1279, artículo 12 | B1: Productividad académica | C1: No. de productos | D1: Puntos asignados CIARP 02- 04/06/2026
A2: Título universitarios de pregrado y posgrado | C2: 1 | D2: =Titulo!O3 -> 80
A3: Ascenso de categoría - escalafón docente
A4: Productividad académica | B4: Revistas especializadas | C4: 5 | D4: =Pub_Rev_Index!X4+Pub_Rev_Index!X7+Pub_Rev_Index!X10+Pub_Rev_Index!X16 -> 11.4
B5: Producción de videos, cinematográficas o fonográficas
B6: Libros resultado de Investigación
B7: Libros de Texto | C7: 8 | D7: =Libro_Texto!T3+Libro_Texto!T6+Libro_Texto!T7+Libro_Texto!T8+Libro_Texto!T4+Libro_Texto!T10+Libro_Texto!T11+Libro_Texto!T12+Libro_Texto!T13+Libro_Texto!T16+Libro_Texto!T19+Libro_Texto!T22 -> 162.9
B8: Libros de Ensayo | C8: 7 | D8: =Libro_Ensayo!S3+Libro_Ensayo!S4+Libro_Ensayo!S6+Libro_Ensayo!S7+Libro_Ensayo!S9+Libro_Ensayo!S10+Libro_Ensayo!S12+Libro_Ensayo!S20+Libro_Ensayo!S23+Libro_Ensayo!S17 -> 35.0125
B9: Premios Nacionales e internacionales | C9: 3 | D9: 20
B10: Patentes
B11: Traducciones de libros
B12: Obras Artísticas
B13: Producción Técnica
B14: Producción de Software
A15: Actividades académico - administrativas
A16: Desempeño destacado docente
A17: Experiencia Calificada
A18: Total | C18: =SUBTOTAL(109,'Puntos aprobados_2026'!$C$2:$C$17) -> #VALUE! | D18: =SUBTOTAL(109,'Puntos aprobados_2026'!$D$2:$D$17) -> #VALUE!
A20: Total puntos Productividad académica | D20: =SUM(D4:D14) -> 229.3125

Sheet Titulo
A2: AÑO | B2: SEMESTRE | C2: No. | D2: DOCUMENTO DE IDENTIDAD | E2: NOMBRE DEL DOCENTE | F2: ESCOLARIDAD ANTERIOR | G2: CATEGORÍA | H2: TIEMPO DE DEDICACIÓN | I2: PROGRAMA ACADÉMICO | J2: FACULTAD | K2: UNIVERSIDAD QUE OTORGA EL TÍTULO | L2: TITULO OTORGADO | M2: Acto de Convalidación (Para títulos Univ.del Ext.) | N2: FECHA GRADUACIÓN | O2: PUNTOS ASIGNADOS | P2: ACTA Y FECHA CIARP | Q2: OBSERVACIONES
A3: 2026 | B3: I | C3: 1 | D3: 24606935 | E3: CAROLINA BERMUDEZ RESTREPO | F3: Magister | G3: Auxiliar | H3: TC | I3: Administración de Negocios | J3: Ciencias Económicas, Administrativas y Contables | K3: Universidad de Manizales | L3: Doctora en Desarrollo Sostenible | M3: N/A | N3: 46108 | O3: 80 | P3: 2- 04/06/2026
L5: TOTAL PUNTOS TÍTULOS | O5: =SUM(O3:O4) -> 80
F8: __________________________________ | K8: _______________________________
F9: LINA MARCELA CRUZ CALDERÓN | K9: LUZ AMPARO CELIS BURITICÁ
F10: Técnico Oficina de Asuntos Profesorales | K10: Jefe Oficina Asuntos Profesorales y Secretaria Ejecutiva CIARP
F11: Proyectó y Elaboró | K11: Revisó

Sheet Pub_Rev_Index
A2: AÑO | B2: SEMESTRE | C2: No. | D2: TÍTULO ARTÍCULO | E2: MODALIDAD | F2: TIPO | G2: PAIS | H2: ISSN REVISTA | I2: NOMBRE REVISTA | J2: PUBLINDEX | K2: CATEGORÍA REVISTA | L2: NUMERO DE AUTORES | M2: EDITORIAL | N2: FECHA | Q2: DOCUMENTO DE IDENTIFICAC. | R2: NOMBRES DE AUTORES PERTENECIENTES A UNIVERSIDADES | S2: ESCOLARIDAD | T2: CATEGORÍA DEL DOCENTE | U2: TIEMPO DE DEDICACIÓN | V2: PROGRAMA | W2: FACULTAD | X2: PUNTAJE AUTOR | Y2: UNIVERSIDAD DE LOS AUTORES (PARTICIPANTES) | Z2: ACTA Y FECHA CIARP | AA2: OBSERVACIÓN
N3: RECIBIDO | O3: APROBADO | P3: PUBLICADO
A4: 2026 | B4: I | C4: 1 | D4: Determinantes de la corrupción y evasión de impuestos en América Latina: un análisis bibliométrico | E4: Full paper | F4: Nacional | G4: Colombia | H4: 0120-4203 | I4: Contaduría Universidad de Antioquia | J4: https://scienti.minciencias.gov.co/publindex/#/revistasPublindex/detalle?tipo=R&idRevista=349 | K4: C | L4: 3 | M4: Universidad de Antioquia, Facultad de Ciencias Económicas | N4: 45444 | O4: 45717 | P4: 45748 | Q4: 9728326 | R4: RUBÉN ANTONIO VÉLEZ RAMÍREZ | S4: Maestría | T4: Asistente | U4: TC | V4: Contaduría Pública | W4: Ciencias Económicas, Administrativas y Contables | X4: =IF(OR(K4="", L4=""), "", IF(K4="A1", 15, IF(K4="A2", 12, IF(K4="B", 8, IF(K4="C", 3, 0)))) / IF(L4<=3, 1, IF(L4<=5, 2, L4/2))) -> 3 | Y4: Universidad del Quindío | Z4: 2- 04/06/2026
A5: 2026 | B5: I | C5: 1 | R5: Alexa Juliana Montoya Morales | X5: =IF(OR(K5="", L5=""), "", IF(K5="A1", 15, IF(K5="A2", 12, IF(K5="B", 8, IF(K5="C", 3, 0)))) / IF(L5<=3, 1, IF(L5<=5, 2, L5/2))) | Y5: Universidad del Quindío
A6: 2026 | B6: I | C6: 1 | R6: Marisela Restrepo Triviño | X6: =IF(OR(K6="", L6=""), "", IF(K6="A1", 15, IF(K6="A2", 12, IF(K6="B", 8, IF(K6="C", 3, 0)))) / IF(L6<=3, 1, IF(L6<=5, 2, L6/2))) | Y6: Universidad del Quindío
A7: 2026 | B7: I | C7: 2 | D7: Síntesis contextual y crítica del estándar IFRS-S2. Retos de la información a revelar relacionada con el clima | E7: Full paper | F7: Nacional | G7: Colombia | H7: 2711-0044 | I7: En-Contexto | J7: https://scienti.minciencias.gov.co/publindex/#/revistasPublindex/detalle?tipo=R&idRevista=108 | K7: C | L7: 3 | M7: Tecnologico de Antioquia Institución Universitaria | N7: 45581 | O7: 45715 | P7: 45944 | Q7: 9728326 | R7: RUBÉN ANTONIO VÉLEZ RAMÍREZ | S7: Maestría | T7: Asistente | U7: TC | V7: Contaduría Pública | W7: Ciencias Económicas, Administrativas y Contables | X7: =IF(OR(K7="", L7=""), "", IF(K7="A1", 15, IF(K7="A2", 12, IF(K7="B", 8, IF(K7="C", 3, 0)))) / IF(L7<=3, 1, IF(L7<=5, 2, L7/2))) -> 3 | Y7: Universidad del Quindío | Z7: 2- 04/06/2026
A8: 2026 | B8: I | C8: 2 | R8: Eutimio Mejia Soto | X8: =IF(OR(K8="", L8=""), "", IF(K8="A1", 15, IF(K8="A2", 12, IF(K8="B", 8, IF(K8="C", 3, 0)))) / IF(L8<=3, 1, IF(L8<=5, 2, L8/2))) | Y8: Universidad del Quindío
A9: 2026 | B9: I | C9: 2 | R9: Natalia Buriticá Muñoz | X9: =IF(OR(K9="", L9=""), "", IF(K9="A1", 15, IF(K9="A2", 12, IF(K9="B", 8, IF(K9="C", 3, 0)))) / IF(L9<=3, 1, IF(L9<=5, 2, L9/2))) | Y9: Universidad del Quindío
A10: 2026 | B10: I | C10: 3 | D10: El Rol de la cultura empresarial como factor limitante en el acceso al crédito para la MiPymes de la ciudad de Armenia durante el periodo del 2022 | E10: Full paper | F10: Nacional | G10: Colombia | H10: 2619-4244 | I10: Dictamen Libre | J10: https://scienti.minciencias.gov.co/publindex/#/revistasPublindex/detalle?tipo=R&idRevista=1044 | K10: C | L10: 3 | M10: Universidad Libre Barranquilla | N10: 45761 | O10: 45875 | P10: 46009 | Q10: 89000647 | R10: ALEXANDER CASTRO DÍAZ | S10: Maestría | T10: Asistente | U10: TC | V10: Economía | W10: Ciencias Económicas, Administrativas y Contables | X10: =IF(OR(K10="", L10=""), "", IF(K10="A1", 15, IF(K10="A2", 12, IF(K10="B", 8, IF(K10="C", 3, 0)))) / IF(L10<=3, 1, IF(L10<=5, 2, L10/2))) -> 3 | Y10: Universidad del Quindío | Z10: 2- 04/06/2026
A11: 2026 | B11: I | C11: 3 | R11: Juan Andrés Franco Murillo | X11: =IF(OR(K11="", L11=""), "", IF(K11="A1", 15, IF(K11="A2", 12, IF(K11="B", 8, IF(K11="C", 3, 0)))) / IF(L11<=3, 1, IF(L11<=5, 2, L11/2))) | Y11: Universidad del Quindío
A12: 2026 | B12: I | C12: 3 | R12: Johan Sebastián López Sánchez | X12: =IF(OR(K12="", L12=""), "", IF(K12="A1", 15, IF(K12="A2", 12, IF(K12="B", 8, IF(K12="C", 3, 0)))) / IF(L12<=3, 1, IF(L12<=5, 2, L12/2))) | Y12: Universidad del Quindío
A13: 2026 | B13: I | C13: 4 | D13: Marine Environmental Conditions and Occupational Risks in Artisanal Fishing of the Colombian Pacific | E13: Full paper | F13: Internacional | G13: China | H13: 1674-2974 | I13: Journal of Hunan University Natural Sciences | J13: https://scienti.minciencias.gov.co/publindex/#/revistasHomologadas/detalle/53148 | K13: No Homolagada | L13: 3 | M13: Journalof Hunan University (Natural Sciences) | N13: 45989 | O13: 46027 | P13: 46052 | Q13: 29505841 | R13: NASLY CRISTINA RODRÍGUEZ IDROBO | S13: Maestría | T13: Auxiliar | U13: TC | V13: Seguridad y Salud en el Trabajo | W13: Ciencias de la Salud | X13: =IF(OR(K13="", L13=""), "", IF(K13="A1", 15, IF(K13="A2", 12, IF(K13="B", 8, IF(K13="C", 3, 0)))) / IF(L13<=3, 1, IF(L13<=5, 2, L13/2))) -> 0 | Y13: Universidad del Quindío | Z13: 2- 04/06/2026 | AA13: El artículo es del año 2026, no cumple con lo establecido en el numeral 2 del artículo segundo del A.C.S No.012. Cada profesor someterá a consideración los resultados de su producción académica concluida durante el año calendario inmediatamente anterior.
A14: 2026 | B14: I | C14: 4 | D14: Marine Environmental Conditions and Occupational Risks in Artisanal Fishing of the Colombian Pacific | E14: Full paper | F14: Internacional | G14: China | H14: 1674-2974 | I14: Journal of Hunan University Natural Sciences | J14: https://scienti.minciencias.gov.co/publindex/#/revistasHomologadas/detalle/53148 | K14: No Homolagada | L14: 3 | M14: Journalof Hunan University (Natural Sciences) | N14: 45989 | O14: 46027 | P14: 46052 | Q14: 76316780 | R14: HÉCTOR FABIO BERMÚDEZ OROZCO | S14: Doctorado | T14: Titular | U14: TC | V14: Ingeniería Electrónica | W14: Ingeniería | X14: =IF(OR(K14="", L14=""), "", IF(K14="A1", 15, IF(K14="A2", 12, IF(K14="B", 8, IF(K14="C", 3, 0)))) / IF(L14<=3, 1, IF(L14<=5, 2, L14/2))) -> 0 | Y14: Universidad del Quindío | Z14: 2- 04/06/2026 | AA14: El artículo es del año 2026, no cumple con lo establecido en el numeral 2 del artículo segundo del A.C.S No.012. Cada profesor someterá a consideración los resultados de su producción académica concluida durante el año calendario inmediatamente anterior.
A15: 2026 | B15: I | C15: 4 | D15: Marine Environmental Conditions and Occupational Risks in Artisanal Fishing of the Colombian Pacific | E15: Full paper | F15: Internacional | G15: China | H15: 1674-2974 | I15: Journal of Hunan University Natural Sciences | J15: https://scienti.minciencias.gov.co/publindex/#/revistasHomologadas/detalle/53148 | K15: No Homolagada | L15: 3 | M15: Journalof Hunan University (Natural Sciences) | N15: 45989 | O15: 46027 | P15: 46052 | Q15: 14702760 | R15: JOHN JAMES PÉREZ PENAGOS | S15: Maestría | T15: Auxiliar | U15: TC | V15: Seguridad y Salud en el Trabajo | W15: Ciencias de la Salud | X15: =IF(OR(K15="", L15=""), "", IF(K15="A1", 15, IF(K15="A2", 12, IF(K15="B", 8, IF(K15="C", 3, 0)))) / IF(L15<=3, 1, IF(L15<=5, 2, L15/2))) -> 0 | Y15: Universidad del Quindío | Z15: 2- 04/06/2026 | AA15: El artículo es del año 2026, no cumple con lo establecido en el numeral 2 del artículo segundo del A.C.S No.012. Cada profesor someterá a consideración los resultados de su producción académica concluida durante el año calendario inmediatamente anterior.
A16: 2026 | B16: I | C16: 5 | D16: El pensamiento sindemico como alternativa a las intervenciones en salud | E16: Editorial | F16: Nacional | G16: Colombia | H16: 2462-8425 | I16: Hacia la Promoción de la Salud | J16: https://scienti.minciencias.gov.co/publindex/#/revistasPublindex/detalle?tipo=R&idRevista=433 | K16: B | L16: 1 | M16: Universidad de Caldas | N16: No registra | O16: No registra | P16: 45901 | Q16: 24341881 | R16: DIANA PATRICIA LONDOÑO BURITICÁ | S16: Maestría | T16: Auxiliar | U16: TC | V16: Enfermería | W16: Ciencias de la Salud | X16: =IF(OR(K16="", L16=""), "", IF(K16="A1", 15, IF(K16="A2", 12, IF(K16="B", 8, IF(K16="C", 3, 0)))) / IF(L16<=3, 1, IF(L16<=5, 2, L16/2)))*30% -> 2.4 | Y16: Universidad del Quindío | Z16: 2- 04/06/2026 | AA16: Dec.1279 de 2002, Art. 10, Lit. B. Para editoriales, se asigna el 30% del puntaje según su nivel y clasificación.

Sheet Libro_Ensayo
A1: AÑO | B1: SEMESTRE | C1: No. | D1: NOMBRE DEL LIBRO ENSAYO | E1: ISBN | F1: FECHA DE PUBLICACIÓN | G1: EDITORIAL | H1: DOCUMENTO DE IDENTIFICACIÓN | I1: AUTORES | J1: ESCOLARIDAD | K1: CATEGORÍA | L1: TIEMPO DE DEDICACIÓN | M1: PROGRAMA ACADÉMICO | N1: FACULTAD | O1: UNIVERSIDAD. PARTICIPANT | P1: PAR EVALUADOR MINCIENCIAS 1 | Q1: PAR EVALUADOR MINCIENCIAS 2 | R1: NUMERO DE AUTORES | S1: PUNTOS ASIGNADOS | T1: ACTA Y FECHA CIARP | U1: OBSERVACIONES
A2: 2026 | B2: I | C2: 1 | D2: Aplicación de la estadística inferencial y la tecnología en la formación contable | E2: 978-628-7783-92-8 | F2: 45960 | G2: Kinesis Ltda | H2: 24580502 | I2: OLGA INÉS CEBALLOS RINCON | J2: Maestría | K2: Titular | L2: TC | M2: Contaduría Pública | N2: Ciencias Económicas, Administrativas y Contables | O2: Universidad del Quindío | P2: =AVERAGE(4.8,4.5,4.4,4.5) -> 4.55 | Q2: =AVERAGE(4,3.6,4,3.8) -> 3.85 | R2: 3 | S2: =(AVERAGE(P2, Q2)*3) / IF(R2<=3, 1, IF(R2<=5, 2, R2/2)) -> 12.6 | T2: 2- 04/06/2026
A3: 2026 | B3: I | C3: 1 | D3: Aplicación de la estadística inferencial y la tecnología en la formación contable | E3: 978-628-7783-92-8 | F3: 45960 | G3: Kinesis Ltda | H3: 41913005 | I3: LUZ AMPARO MEJÍA CASTELLANOS | J3: Maestría | K3: Titular | L3: TC | M3: Contaduría Pública | N3: Ciencias Económicas, Administrativas y Contables | O3: Universidad del Quindío | P3: =AVERAGE(4.8,4.5,4.4,4.5) -> 4.55 | Q3: =AVERAGE(4,3.6,4,3.8) -> 3.85 | R3: 3 | S3: =(AVERAGE(P3, Q3)*3) / IF(R3<=3, 1, IF(R3<=5, 2, R3/2)) -> 12.6 | T3: 2- 04/06/2026
A4: 2026 | B4: I | C4: 1 | I4: Cristhian López Leyton | O4: Universidad del Quindío
A5: 2026 | B5: I | C5: 2 | D5: Enfoque administrativo y estadístico de las barreras para la adopción de tecnologías financieras en el contexto colombiano | E5: 978-628-7873-28-5 | F5: 46002 | G5: Kinesis Ltda | H5: 24580502 | I5: OLGA INÉS CEBALLOS RINCON | J5: Maestría | K5: Titular | L5: TC | M5: Contaduría Pública | N5: Ciencias Económicas, Administrativas y Contables | O5: Universidad del Quindío | P5: =AVERAGE(4,4,4,3.9) -> 3.975 | Q5: =AVERAGE(4.5,4.5,4.2,4) -> 4.3 | R5: 3 | S5: =(AVERAGE(P5, Q5)*3) / IF(R5<=3, 1, IF(R5<=5, 2, R5/2)) -> 12.4125 | T5: 2- 04/06/2026
A6: 2026 | B6: I | C6: 2 | D6: Enfoque administrativo y estadístico de las barreras para la adopción de tecnologías financieras en el contexto colombiano | E6: 978-628-7873-28-5 | F6: 46002 | G6: Kinesis Ltda | H6: 41913005 | I6: LUZ AMPARO MEJÍA CASTELLANOS | J6: Maestría | K6: Titular | L6: TC | M6: Contaduría Pública | N6: Ciencias Económicas, Administrativas y Contables | O6: Universidad del Quindío | P6: =AVERAGE(4,4,4,3.9) -> 3.975 | Q6: =AVERAGE(4.5,4.5,4.2,4) -> 4.3 | R6: 3 | S6: =(AVERAGE(P6, Q6)*3) / IF(R6<=3, 1, IF(R6<=5, 2, R6/2)) -> 12.4125 | T6: 2- 04/06/2026
A7: 2026 | B7: I | C7: 2 | I7: Bianey Castro Peñaloza | O7: Universidad del Quindío
A8: 2026 | B8: I | C8: 3 | D8: Herramientas digitales para fortalecer el aprendizaje matemático y la auditoría informática en contaduría pública | E8: 978-628-7873-33-9 | F8: 46002 | G8: Kinesis Ltda | H8: 24580502 | I8: OLGA INÉS CEBALLOS RINCON | J8: Maestría | K8: Titular | L8: TC | M8: Contaduría Pública | N8: Ciencias Económicas, Administrativas y Contables | O8: Universidad del Quindío | P8: =AVERAGE(4.5,4.1,3.7,2.6) -> 3.725 | Q8: =AVERAGE(3.9,5,4,4) -> 4.225 | R8: 3 | S8: 10 | T8: 2- 04/06/2026 | U8: A la docente Olga Inés Ceballos R. se le asignan 10,0 de 11,9 puntos. Lo anterior para dar cumplimiento al A.C.S No.012 de 2009, artículo 9°, que reza; El máximo puntaje que se le asigna a un docente por productividad académica relacionada con libros será de 35 puntos por año."
A9: 2026 | B9: I | C9: 3 | D9: Herramientas digitales para fortalecer el aprendizaje matemático y la auditoría informática en contaduría pública | E9: 978-628-7873-33-9 | F9: 46002 | G9: Kinesis Ltda | H9: 41913005 | I9: LUZ AMPARO MEJÍA CASTELLANOS | J9: Maestría | K9: Titular | L9: TC | M9: Contaduría Pública | N9: Ciencias Económicas, Administrativas y Contables | O9: Universidad del Quindío | P9: =AVERAGE(4.5,4.1,3.7,2.6) -> 3.725 | Q9: =AVERAGE(3.9,5,4,4) -> 4.225 | R9: 3 | S9: 10 | T9: 2- 04/06/2026 | U9: A la docente Luz Amparo Mejía C. se le asignan 10,0 de 11,9 puntos. Lo anterior para dar cumplimiento al A.C.S No.012 de 2009, artículo 9°, que reza; El máximo puntaje que se le asigna a un docente por productividad académica relacionada con libros será de 35 puntos por año."
A10: 2026 | B10: I | C10: 3 | I10: Santiago Sabogal Correa | O10: Universidad del Quindío
A11: 2026 | B11: I | C11: 4 | D11: El riesgo cardiovascular: entre la genética y la epigenética | E11: 978-628-7873-19-3 | F11: 46002 | G11: Kinesis Ltda | H11: 41893527 | I11: OLGA ALICIA NIETO CÁRDENAS | J11: Doctorado | K11: Titular | L11: TC | M11: Medicina | N11: Ciencias de la Salud | O11: Universidad del Quindío | P11: =AVERAGE(4,3.9,4.5,4.8) -> 4.3 | Q11: =AVERAGE(4.4,3.8,4,4.3) -> 4.125 | R11: 5 | S11: =(AVERAGE(P11, Q11)*3) / IF(R11<=3, 1, IF(R11<=5, 2, R11/2)) -> 6.31875 | T11: 2- 04/06/2026
A12: 2026 | B12: I | C12: 4 | I12: Ana Lorena Uribe Hurtado | O12: Universidad Nacional
A13: 2026 | B13: I | C13: 4 | I13: Mariana Sofia Candamil Cortes | O13: Centro de Bioinformática y Biología Computacional de Colombia – BIOS
A14: 2026 | B14: I | C14: 4 | I14: Marcela Orjuela Rodríguez | O14: Centro de Bioinformática y Biología Computacional de Colombia – BIOS
A15: 2026 | B15: I | C15: 4 | I15: Edwin David Morales Alvarez | O15: Universidad de Caldas
A16: 2026 | B16: I | C16: 5 | D16: Conceptos básicos de psicomotricidad y educación psicomotriz para licenciados | E16: 978-958-5108-70-7 | F16: 46007 | G16: Elizcom SAS | H16: 7532303 | I16: CARLOS ALFONSO BUSTAMANTE GUTIÉRREZ | J16: Maestría | K16: Titular | L16: TC | M16: Licenciatura en Educación Infantil | N16: Ciencias de la Educación | O16: Universidad del Quindío | P16: =AVERAGE(5,5,5,4) -> 4.75 | Q16: =AVERAGE(3,3,4,1) -> 2.75 | R16: 3 | S16: =(AVERAGE(P16, Q16)*3) / IF(R16<=3, 1, IF(R16<=5, 2, R16/2)) -> 11.25 | T16: 2- 04/06/2026
A17: 2026 | B17: I | C17: 5 | I17: Eliana Marcela Suarez Cárdenas | O17: Universidad del Quindío
A18: 2026 | B18: I | C18: 5 | I18: Jheison Fabián Gutiérrez Bermúdez | O18: Universidad del Quindío
A19: 2026 | B19: I | C19: 6 | D19: Educar/se en el conocimiento y cuidado de sí: Arte para indagar la existencia y hacer de la vida una obra de arte | E19: 978-958-5108-55-4 | F19: 45992 | G19: Elizcom SAS | H19: 17655304 | I19: JUAN CARLOS SÁNCHEZ MUÑOZ | J19: Doctorado | K19: Titular | L19: TC | M19: Licenciatura en Educación Física, Recreación y Deportes | N19: Ciencias de la Educación | O19: Universidad del Quindío | P19: =AVERAGE(4.5,4.5,4.6,4.1) -> 4.425 | Q19: =AVERAGE(4.8,4.7,4.8,4.8) -> 4.775 | R19: 3 | S19: =(AVERAGE(P19, Q19)*3) / IF(R19<=3, 1, IF(R19<=5, 2, R19/2)) -> 13.8 | T19: 2- 04/06/2026
A20: 2026 | B20: I | C20: 6 | I20: Eliana Marcela Suarez Cárdenas | O20: Universidad del Quindío
A21: 2026 | B21: I | C21: 6 | I21: Carlos Alberto Molina Gómez | O21: Universidad del Quindío
A22: 2026 | B22: I | C22: 7 | D22: Gestión como gesta pedagogía en directivos universitarios | E22: 978-958-5108-56-1 | F22: 45992 | G22: Elizcom SAS | H22: 17655304 | I22: JUAN CARLOS SÁNCHEZ MUÑOZ | J22: Doctorado | K22: Titular | L22: TC | M22: Licenciatura en Educación Física, Recreación y Deportes | N22: Ciencias de la Educación | O22: Universidad del Quindío | P22: =AVERAGE(4.5,4.5,4.6,4.6) -> 4.55 | Q22: =AVERAGE(4,4.5,4.5,4) -> 4.25 | R22: 3 | S22: =(AVERAGE(P22, Q22)*3) / IF(R22<=3, 1, IF(R22<=5, 2, R22/2)) -> 13.2 | T22: 2- 04/06/2026
A23: 2026 | B23: I | C23: 7 | I23: Eliana Marcela Suarez Cárdenas | O23: Universidad del Quindío
A24: 2026 | B24: I | C24: 7 | I24: Johan Steven Suarez Grisales | O24: Universidad del Quindío

Sheet Libro_Texto
A2: AÑO | B2: SEMESTRE | C2: No. | D2: NOMBRE DEL LIBRO TEXTO | E2: ISBN | F2: FECHA DE PUBLICACIÓN | G2: EDITORIAL | H2: ESPACIO ACADÉMICO | I2: DOCUMENTO DE IDENTIFICACIÓN | J2: AUTORES | K2: ESCOLARIDAD | L2: CATEGORÍA | M2: TIEMPO DE DEDICACIÓN | N2: PROGRAMA ACADÉMICO | O2: FACULTAD | P2: UNIVERSIDAD. PARTICIPANT | Q2: PAR EVALUADOR MINCIENCIAS 1 | R2: PAR EVALUADOR MINCIENCIAS 2 | S2: NUMERO DE AUTORES | T2: PUNTOS ASIGNADOS | U2: ACTA Y FECHA CIARP | V2: OBSERVACIONES
A3: 2026 | B3: I | C3: 1 | D3: Mas allá de las palabras. Un viaje metacognitivo hacia la escritura consciente | E3: 978-628-7873-22-3 | F3: 46002 | G3: Kinesis Ltda | H3: Didáctica de las Lenguas Extranjeras | I3: 1102042502 | J3: CRISTIAN CAMILO REYES GALEANO | K3: Doctorado | L3: Asistente | M3: TC | N3: Licenciatura en Lenguas Modernas con énfasis en Inglés y Francés | O3: Ciencias de la Educación | P3: Universidad del Quindío | Q3: =AVERAGE(5,5,5,5) -> 5 | R3: =AVERAGE(4.3,4.2,4.7,4.4) -> 4.4 | S3: 3 | T3: =(AVERAGE(Q3, R3)*3) / IF(S3<=3, 1, IF(S3<=5, 2, S3/2)) -> 14.1 | U3: 2- 04/06/2026
A4: 2026 | B4: I | C4: 1 | D4: Mas allá de las palabras. Un viaje metacognitivo hacia la escritura consciente | E4: 978-628-7873-22-3 | F4: 46002 | G4: Kinesis Ltda | H4: Didáctica de las Lenguas Extranjeras. Curso básico de Inglés | I4: 1094880877 | J4: JHONATAN VELA SAAVEDRA | K4: Maestría | L4: Asistente | M4: TC | N4: Licenciatura en Lenguas Modernas con énfasis en Inglés y Francés | O4: Ciencias de la Educación | P4: Universidad del Quindío | Q4: =AVERAGE(5,5,5,5) -> 5 | R4: =AVERAGE(4.3,4.2,4.7,4.4) -> 4.4 | S4: 3 | T4: =(AVERAGE(Q4, R4)*3) / IF(S4<=3, 1, IF(S4<=5, 2, S4/2)) -> 14.1 | U4: 2- 04/06/2026
A5: 2026 | B5: I | C5: 1 | J5: Yenifer Agudelo Correa | P5: Universidad del Quindío
A6: 2026 | B6: I | C6: 2 | D6: Fundamentos de higiene industrial | E6: 978-958-508-557-2 | F6: 45735 | G6: Grupo Editorial Ecoe Ediciones S.A.S. | H6: Higiene Industrial I, II, III | I6: 11380439 | J6: RAFAEL HUMBERTO VILLAMIZAR VARGAS | K6: Maestría | L6: Asociado | M6: TC | N6: Seguridad y Salud en el Trabajo | O6: Ciencias de la Salud | P6: Universidad del Quindío | Q6: =AVERAGE(5,5,4.5,5) -> 4.875 | R6: =AVERAGE(5,5,5,5) -> 5 | S6: 1 | T6: =(AVERAGE(Q6, R6)*3) / IF(S6<=3, 1, IF(S6<=5, 2, S6/2)) -> 14.8125 | U6: 2- 04/06/2026
A7: 2026 | B7: I | C7: 3 | D7: Fundamentos de Teledetección | E7: 978-958-5108-69-1 | F7: 45992 | G7: Elizcom S.A.S | H7: Teledetección | I7: 7540504 | J7: GONZALO JIMENEZ CLEVES | K7: Maestría | L7: Titular | M7: TC | N7: Ingeniería Topográfica y Geomática | O7: Ingeniería | P7: Universidad del Quindío | Q7: =AVERAGE(4.8,4.7,4.9,4.8) -> 4.8 | R7: =AVERAGE(4.6,4.8,5,5) -> 4.85 | S7: 3 | T7: =(AVERAGE(Q7, R7)*3) / IF(S7<=3, 1, IF(S7<=5, 2, S7/2)) -> 14.475 | U7: 2- 04/06/2026
A8: 2026 | B8: I | C8: 3 | D8: Fundamentos de Teledetección | E8: 978-958-5108-69-1 | F8: 45992 | G8: Elizcom S.A.S | H8: Teledetección | I8: 89007517 | J8: JULIÁN GARZÓN BARRERO | K8: Doctorado | L8: Asociado | M8: TC | N8: Ingeniería Topográfica y Geomática | O8: Ingeniería | P8: Universidad del Quindío | Q8: =AVERAGE(4.8,4.7,4.9,4.8) -> 4.8 | R8: =AVERAGE(4.6,4.8,5,5) -> 4.85 | S8: 3 | T8: =(AVERAGE(Q8, R8)*3) / IF(S8<=3, 1, IF(S8<=5, 2, S8/2)) -> 14.475 | U8: 2- 04/06/2026
A9: 2026 | B9: I | C9: 3 | J9: José Joaquín Vila Ortega | P9: Universidad del Quindío
A10: 2026 | B10: I | C10: 4 | D10: Co-construye. Herramientas pedagógicas co-creadas con IA para el desarrollo de la competencia comunicativa intercultural crítica en contextos universitarios | E10: 978-628-7873-29-2 | F10: 46002 | G10: Kinesis Ltda | H10: Didáctica del Bilingüismo - Interculturalidad y Francofonía | I10: 1102042502 | J10: CRISTIAN CAMILO REYES GALEANO | K10: Doctorado | L10: Asistente | M10: TC | N10: Licenciatura en Lenguas Modernas con énfasis en Inglés y Francés | O10: Ciencias de la Educación | P10: Universidad del Quindío | Q10: =AVERAGE(4.3,5,4.6,4.7) -> 4.65 | R10: =AVERAGE(4.8,4.7,5,4.8) -> 4.825 | S10: 3 | T10: =(AVERAGE(Q10, R10)*3) / IF(S10<=3, 1, IF(S10<=5, 2, S10/2)) -> 14.2125 | U10: 2- 04/06/2026
A11: 2026 | B11: I | C11: 4 | D11: Co-construye. Herramientas pedagógicas co-creadas con IA para el desarrollo de la competencia comunicativa intercultural crítica en contextos universitarios | E11: 978-628-7873-29-2 | F11: 46002 | G11: Kinesis Ltda | H11: Didáctica del Bilingüismo - Interculturalidad y Francofonía | I11: 41936764 | J11: MARGARITA ALEXANDRA BOTERO RESTREPO | K11: Doctorado | L11: Titular | M11: TC | N11: Licenciatura en Lenguas Modernas con énfasis en Inglés y Francés | O11: Ciencias de la Educación | P11: Universidad del Quindío | Q11: =AVERAGE(4.3,5,4.6,4.7) -> 4.65 | R11: =AVERAGE(4.8,4.7,5,4.8) -> 4.825 | S11: 3 | T11: =(AVERAGE(Q11, R11)*3) / IF(S11<=3, 1, IF(S11<=5, 2, S11/2)) -> 14.2125 | U11: 2- 04/06/2026
A12: 2026 | B12: I | C12: 4 | D12: Co-construye. Herramientas pedagógicas co-creadas con IA para el desarrollo de la competencia comunicativa intercultural crítica en contextos universitarios | E12: 978-628-7873-29-2 | F12: 46002 | G12: Kinesis Ltda | H12: Didáctica del Bilingüismo - Interculturalidad y Francofonía | I12: 1094911213 | J12: JACQUELINE GARCÍA BOTERO | K12: Maestría | L12: Asociado | M12: TC | N12: Licenciatura en Lenguas Modernas con énfasis en Inglés y Francés | O12: Ciencias de la Educación | P12: Universidad del Quindío | Q12: =AVERAGE(4.3,5,4.6,4.7) -> 4.65 | R12: =AVERAGE(4.8,4.7,5,4.8) -> 4.825 | S12: 3 | T12: =(AVERAGE(Q12, R12)*3) / IF(S12<=3, 1, IF(S12<=5, 2, S12/2)) -> 14.2125 | U12: 2- 04/06/2026
A13: 2026 | B13: I | C13: 5 | D13: Instrumentos Financieros Básicos - Beneficios a Empleados - Provisiones y Contingencias | E13: 978-628-7783-91-1 | F13: 45960 | G13: Kinesis Ltda | H13: Contabilidad Financiera III | I13: 41935858 | J13: LINA MARÍA LÓPEZ CASTAÑEDA | K13: Maestría | L13: Asociado | M13: TC | N13: Contaduría Pública | O13: Ciencias Económicas, Administrativas y Contables | P13: Universidad del Quindío | Q13: =AVERAGE(4.7,4.4,4.9,5) -> 4.75 | R13: =AVERAGE(5,3,4,3) -> 3.75 | S13: 3 | T13: =(AVERAGE(Q13, R13)*3) / IF(S13<=3, 1, IF(S13<=5, 2, S13/2)) -> 12.75 | U13: 2- 04/06/2026
A14: 2026 | B14: I | C14: 5 | J14: Valeria Rivera Quiguanás | P14: Universidad del Quindío
A15: 2026 | B15: I | C15: 5 | J15: Martha Cecilia Giraldo Peláez | P15: Universidad del Quindío
A16: 2026 | B16: I | C16: 6 | D16: Modelamiento de nicho ecológico para Dummies | E16: 978-628-7783-81-2 | F16: 45916 | G16: Kinesis Ltda | H16: Biología Evolutiva | I16: 9732828 | J16: OSCAR ALEXANDER AGUIRRE OBANDO | K16: Doctorado | L16: Asociado | M16: TC | N16: Biología | O16: Ciencias Básicas y Tecnologías | P16: Universidad del Quindío | Q16: =AVERAGE(4.8,4.7,4.9,4.6) -> 4.75 | R16: =AVERAGE(2.5,2.5,2,2.5) -> 2.375 | S16: 3 | T16: =(AVERAGE(Q16, R16)*3) / IF(S16<=3, 1, IF(S16<=5, 2, S16/2)) -> 10.6875 | U16: 2- 04/06/2026
A17: 2026 | B17: I | C17: 6 | J17: Estefanía Mejía Jurado | P17: Corporación Autonoma Regional del Quindío
A18: 2026 | B18: I | C18: 6 | J18: Emmanuel Echeverry Cárdenas | P18: Universidad del Quindío
A19: 2026 | B19: I | C19: 7 | D19: Introducción a la programación orientada a objetos en Java | E19: 978-628-7873-12-4 | F19: 45995 | G19: Kinesis Ltda | H19: Programación I | I19: 18493676 | J19: JORGE ORLANDO HERRERA MORALES | K19: Maestría | L19: Asistente | M19: TC | N19: Ingeniería de Sistemas y Computación | O19: Ingeniería | P19: Universidad del Quindío | Q19: =AVERAGE(4.6,4.2,4.7,4.3) -> 4.45 | R19: =AVERAGE(3.8,3,3.5,3.5) -> 3.45 | S19: 3 | T19: =(AVERAGE(Q19, R19)*3) / IF(S19<=3, 1, IF(S19<=5, 2, S19/2)) -> 11.85 | U19: 2- 04/06/2026
A20: 2026 | B20: I | C20: 7 | J20: Alejandro Urrea Ospina | P20: Universidad del Quindío
A21: 2026 | B21: I | C21: 7 | J21: Ricardo Antonio Botero Ríos | P21: Universidad Alexander Von Humboldt
A22: 2026 | B22: I | C22: 8 | D22: Fundamentos de estructuras de datos en Java | E22: 978-628-7873-00-1 | F22: 45986 | G22: Kinesis Ltda | H22: Estructuras de Datos | I22: 18493676 | J22: JORGE ORLANDO HERRERA MORALES | K22: Maestría | L22: Asistente | M22: TC | N22: Ingeniería de Sistemas y Computación | O22: Ingeniería | P22: Universidad del Quindío | Q22: =AVERAGE(4.5,4.3,4.6,4.4) -> 4.45 | R22: =AVERAGE(4.5,3.5,4.3,4.6) -> 4.225 | S22: 3 | T22: =(AVERAGE(Q22, R22)*3) / IF(S22<=3, 1, IF(S22<=5, 2, S22/2)) -> 13.0125 | U22: 2- 04/06/2026
A23: 2026 | B23: I | C23: 8 | J23: Alejandro Urrea Ospina | P23: Universidad del Quindío
A24: 2026 | B24: I | C24: 8 | J24: Ricardo Antonio Botero Ríos | P24: Universidad Alexander Von Humboldt
O26: TOTAL PUNTOS LIBROS TEXTO | T26: =SUM(T3:T25) -> 162.9
F29: __________________________________ | L29: _______________________________
F30: LINA MARCELA CRUZ CALDERÓN | L30: LUZ AMPARO CELIS BURITICÁ
F31: Técnico Oficina de Asuntos Profesorales | L31: Jefe Oficina Asuntos Profesorales y Secretaria Ejecutiva CIARP
F32: Proyectó y Elaboró | L32: Revisó

Sheet Premios
A2: AÑO | B2: SEMESTRE | C2: No. | D2: DOCUMENTO DE IDENTIFICACIÓN | E2: NOMBRE DEL DOCENTE | F2: ESCOLARIDAD | G2: CATEGORÍA | H2: TIEMPO DE DEDICACIÓN | I2: PROGRAMA ACADÉMICO | J2: FACULTAD | K2: TÍTULO DEL TRABAJO | L2: PREMIO O DISTINCIÓN | M2: ENTIDAD QUE OTORGA EL PREMIO | N2: FECHA OTORGAN PREMIO | O2: PUNTOS ASIGNADOS | P2: ACTA Y FECHA CIARP | Q2: OBSERVACIONES
A3: 2026 | B3: I | C3: 1 | D3: 9730805 | E3: JORGE ALEJANDRO ALDANA GUTIÉRREZ | F3: Maestría | G3: Asistente | H3: TC | I3: Ingeniería Electrónica | J3: Ingeniería | K3: El desarrollo de videojuegos en un currículo integrado CDIO en la Universidad del Quindío | L3: Premio ACOFI 2024, categoría Educación en Ingeniería | M3: Asociación Colombiana de Facultades de Ingeniería - ACOFI | N3: 21 de marzo de 2025 | O3: 0 | P3: 2- 04/06/2026 | Q3: 3 Autores No cumple con lo establecido en el Decreto 1279 de 2002, artículo 24, numeral I, ítem g) Premio Nacionales e Internacionales. En los soportes no se evidencia la convocatoria publica a premio. Se adjunta el concepto del Grupo de Seguimiento al 1279 a la consulta 2021-ER-273316 que cita "Se aclara que, los reconocimientos a trabajos presentados en el marco de eventos académicos no corresponden a premios o distinciones salvo que cumplan los requisitos establecidos por el decreto, en especial, el reconocido prestigio de la institución otorgante y la existencia de una convocatoria de carácter nacional o internacional a participar por el premio o distinción (que no necesariamente coincide con la convocatoria a presentar trabajos en dicho evento académico) lo mismo que la claridad en su proceso de selección.”
A4: 2026 | B4: I | C4: 1 | D4: 94528666 | E4: ALEXANDER VERA TASAMA | F4: Doctorado | G4: Asistente | H4: TC | I4: Ingeniería Electrónica | J4: Ingeniería | K4: El desarrollo de videojuegos en un currículo integrado CDIO en la Universidad del Quindío | L4: Premio ACOFI 2024, categoría Educación en Ingeniería | M4: Asociación Colombiana de Facultades de Ingeniería - ACOFI | N4: 21 de marzo de 2025 | O4: 0 | P4: 2- 04/06/2026
A5: 2026 | B5: I | C5: 1 | E5: Alexander López Parrado
A6: 2026 | B6: I | C6: 2 | D6: 42086140 | E6: EUNICE RIOS VÁSQUEZ | F6: Doctorado | G6: Asociado | H6: TC | I6: Química | J6: Ciencias Básicas y Tecnologías | K6: Comparación de diferentes métodos en la extracción de aceite esencial de rizomas de Hedychium coccineum: composición química y actividad biológica | L6: Premio Nacional mejor trabajo presentado en el área de biología vegetal | M6: Asociación Colombiana de Ciencias Biológicas | N6: 45957 | O6: 10 | P6: 2- 04/06/2026 | Q6: 3 Autores Se asignan 10 puntos a premio nacional, de acuerdo a la tabla aprobada por el CIARP en sesión 3 del 30/05/2025. Los puntos se pagarán a la docente Eunice Rios V. al término de la comisión académica-administrativa como decana de la Facultad de Ciencias Básicas y Tecnologías
A7: 2026 | B7: I | C7: 2 | E7: Nayeli Milena Estrada Mesa
A8: 2026 | B8: I | C8: 2 | E8: Yeferson Ospina Balvuena
A9: 2026 | B9: I | C9: 3 | D9: 66736378 | E9: NELSY LOANGO CHAMORRO | F9: Doctorado | G9: Titular | H9: TC | I9: Biología | J9: Ciencias Básicas y Tecnologías | K9: Consorcio bacteriano para la degradación de compuestos azufrados y la mitigación de gases y olores ofensivos en aguas residuales | L9: Premio Nacional mejor trabajo presentado en poster | M9: Asociación Colombiana de Ciencias Biológicas | N9: 45957 | O9: 10 | P9: 2- 04/06/2026 | Q9: 3 Autores Se asignan 10 puntos a premio nacional, de acuerdo a la tabla aprobada por el CIARP en sesión 3 del 30/05/2025.
A10: 2026 | B10: I | C10: 3 | E10: Fabiana María Lora Suarez
A11: 2026 | B11: I | C11: 3 | E11: Laura Natalia Gutierrez J.
